insert into category (id, category) values
(0,"Credit"),
(1,"Other"),
(2,"Groceries"),
(3,"Entertainment"),
(4,"Restaurant & Dining"),
(5,"Utilities"),
(6,"Transportation"),
(7,"Personal"),
(8,"Insurance"),
(9,"Health"),
(10,"Travel"),
(11,"Miscellaneous");

insert into status (id, status) values
(0,"Submitted"),
(1,"In Progress"),
(2,"Accepted"),
(3,"Denied");

insert into cardtype (id, brand, type) values
(0,"Visa","Credit"),
(1,"Discover","Credit"),
(2,"American Express","Credit"),
(3,"Mastercard","Credit");

insert into profession (id, profession) values
(0,"N/A"),
(1,"Teacher"),
(2,"Lawyer"),
(3,"Plumber"),
(4,"Farmer"),
(5,"Dentist"),
(6,"Software Engineer"),
(7,"Streamer"),
(8,"Independent Contractor");

insert into discontinue_reason (id, reason) values
(1,"Expired"),
(2,"Canceled"),
(3,"Lost"),
(4,"Stolen");

insert into classification (id, classification) values
(0,"Bad"),
(1,"Fair"),
(2,"Good"),
(3,"Very Good"),
(4,"Exceptional");

insert into customer (username, first_name, last_name, address_line, city, state, zipcode, email, phone_number, profession_id, classification_id, pin, age, gender, auth, enabled, prospect, password) values
("DanFie","Dana","Fields","7799 Street","San Diego","NJ",61577,"DanFie@email.com","5550395",2,4,4956,43,"male","ROLE_USER",True,True,"$2y$12$.NsrLRsMTwdybCjigmIDyOfk/NltLjmWEkUnPIJR0EKBnGwrgIfTy"),
("RutMag","Ruth","Mages","1733 Street","Puyallup","FL",12077,"RutMag@email.com","5551988",4,1,3054,88,"female","ROLE_USER",True,False,"$2y$12$.NsrLRsMTwdybCjigmIDyOfk/NltLjmWEkUnPIJR0EKBnGwrgIfTy"),
("BruGol","Bruce","Goldson","9432 Street","Redmond","CA",85918,"BruGol@email.com","5555433",6,2,3607,20,"female","ROLE_USER",True,True,"$2y$12$.NsrLRsMTwdybCjigmIDyOfk/NltLjmWEkUnPIJR0EKBnGwrgIfTy"),
("GeoDee","George","Deel","9402 Street","Boulder","CA",42231,"GeoDee@email.com","5551586",7,4,8721,19,"female","ROLE_USER",True,True,"$2y$12$.NsrLRsMTwdybCjigmIDyOfk/NltLjmWEkUnPIJR0EKBnGwrgIfTy"),
("MelCar","Melissa","Carranza","1268 Street","Boulder","CA",12236,"MelCar@email.com","5551037",7,0,1333,89,"female","ROLE_USER",True,True,"$2y$12$.NsrLRsMTwdybCjigmIDyOfk/NltLjmWEkUnPIJR0EKBnGwrgIfTy"),
("LarBur","Larry","Burnham","3743 Street","Puyallup","FL",93261,"LarBur@email.com","5555162",4,2,2411,51,"female","ROLE_USER",True,False,"$2y$12$.NsrLRsMTwdybCjigmIDyOfk/NltLjmWEkUnPIJR0EKBnGwrgIfTy"),
("JasWil","Jason","Willis","7136 Street","Redmond","WA",56479,"JasWil@email.com","5554745",0,2,1452,70,"female","ROLE_USER",True,True,"$2y$12$.NsrLRsMTwdybCjigmIDyOfk/NltLjmWEkUnPIJR0EKBnGwrgIfTy"),
("JulSch","Julie","Schumpert","2731 Street","Austin","WA",94435,"JulSch@email.com","5551365",0,1,1701,44,"female","ROLE_USER",True,False,"$2y$12$.NsrLRsMTwdybCjigmIDyOfk/NltLjmWEkUnPIJR0EKBnGwrgIfTy"),
("JoaStr","Joann","Strelow","8569 Street","San Diego","FL",62160,"JoaStr@email.com","5553519",6,4,4065,38,"female","ROLE_USER",True,True,"$2y$12$.NsrLRsMTwdybCjigmIDyOfk/NltLjmWEkUnPIJR0EKBnGwrgIfTy"),
("PauMat","Pauline","Mathers","3008 Street","Austin","NJ",81203,"PauMat@email.com","5554968",2,4,4005,58,"female","ROLE_USER",True,False,"$2y$12$.NsrLRsMTwdybCjigmIDyOfk/NltLjmWEkUnPIJR0EKBnGwrgIfTy");

insert into application (application_type, description, date_opened, date_closed, status_id, status_reason, applicant_id) values
("Credit","Credit Application for Bruce","2021-03-20","2021-03-27",3,"Poor Credit",3),
("Loan 8918","Loan Application for Larry","2019-11-10",null,1,null,6),
("Credit","Credit Application for Joann","2019-08-31",null,0,null,9),
("Credit","Credit Application for Pauline","2020-02-02","2020-02-06",2,null,10),
("Loan 4683","Loan Application for Julie","2020-06-15",null,0,null,8),
("Loan 6764","Loan Application for Bruce","2021-08-05","2021-08-05",3,"Poor Credit",3),
("Credit","Credit Application for Bruce","2020-07-06","2020-07-25",3,"User Canceled",3),
("Loan 6578","Loan Application for Pauline","2020-01-25",null,1,null,10),
("Loan 5481","Loan Application for Melissa","2021-06-18",null,1,null,5),
("Credit","Credit Application for Pauline","2020-09-12","2020-09-14",2,null,10),
("Loan 6233","Loan Application for Larry","2021-12-30",null,1,null,6),
("Credit","Credit Application for Joann","2019-03-11","2019-04-10",3,"Poor Credit",9),
("Credit","Credit Application for Pauline","2019-09-17",null,0,null,10),
("Credit","Credit Application for Julie","2019-07-02","2019-07-06",3,"User Canceled",8),
("Loan 7320","Loan Application for Larry","2021-10-04","2021-11-08",3,null,6),
("Loan 6447","Loan Application for Ruth","2020-10-16",null,1,null,2),
("Loan 2170","Loan Application for Bruce","2020-02-15",null,1,null,3),
("Loan 6752","Loan Application for Julie","2019-09-20",null,0,null,8),
("Loan 7633","Loan Application for Julie","2019-11-03","2019-11-21",3,"User Canceled",8),
("Credit","Credit Application for Dana","2019-05-15",null,0,null,1),
("Loan 6721","Loan Application for George","2021-10-29",null,0,null,4),
("Credit","Credit Application for George","2020-11-14",null,1,null,4),
("Credit","Credit Application for Melissa","2021-04-14","2021-04-25",2,null,5),
("Credit","Credit Application for Pauline","2021-05-31",null,0,null,10),
("Credit","Credit Application for Dana","2020-06-12",null,0,null,1),
("Credit","Credit Application for Bruce","2020-05-25","2020-07-02",2,null,3),
("Loan 5222","Loan Application for Julie","2020-03-02",null,1,null,8),
("Loan 7920","Loan Application for Julie","2020-05-25","2020-05-26",2,null,8),
("Credit","Credit Application for Pauline","2020-01-01",null,0,null,10),
("Credit","Credit Application for Larry","2019-06-30",null,0,null,6),
("Credit","Credit Application for George","2021-07-21","2021-07-31",2,null,4),
("Loan 7049","Loan Application for Julie","2020-08-10",null,0,null,8),
("Credit","Credit Application for Joann","2019-02-18",null,1,null,9),
("Loan 7969","Loan Application for Bruce","2020-12-29","2021-01-06",3,"Poor Credit",3),
("Loan 9749","Loan Application for Pauline","2021-08-24",null,1,null,10),
("Credit","Credit Application for Jason","2021-03-17",null,1,null,7),
("Credit","Credit Application for Joann","2020-11-28",null,1,null,9),
("Credit","Credit Application for Ruth","2020-09-05",null,0,null,2),
("Credit","Credit Application for Melissa","2021-10-10",null,0,null,5),
("Credit","Credit Application for George","2019-03-17","2019-03-23",3,null,4),
("Credit","Credit Application for Jason","2019-04-21",null,0,null,7),
("Loan 2802","Loan Application for Larry","2020-03-06","2020-03-06",3,"User Canceled",6),
("Loan 3683","Loan Application for Melissa","2020-05-27",null,0,null,5),
("Credit","Credit Application for Jason","2019-10-14",null,1,null,7),
("Credit","Credit Application for Melissa","2019-11-06","2019-11-20",2,null,5),
("Loan 9904","Loan Application for Ruth","2020-11-16",null,0,null,2),
("Loan 7251","Loan Application for Ruth","2019-11-17","2019-11-28",2,null,2),
("Credit","Credit Application for Pauline","2021-09-30","2021-10-19",3,"User Canceled",10),
("Loan 8569","Loan Application for Jason","2020-12-08",null,0,null,7),
("Loan 5487","Loan Application for Jason","2021-10-27","2021-10-27",2,null,7),
("Loan 1330","Loan Application for Larry","2019-01-19","2019-01-20",2,null,6),
("Credit","Credit Application for George","2019-07-03","2019-07-08",2,null,4),
("Credit","Credit Application for Larry","2019-07-24",null,1,null,6),
("Loan 564","Loan Application for Julie","2020-04-19",null,1,null,8),
("Loan 6023","Loan Application for Dana","2019-07-20",null,1,null,1),
("Loan 2643","Loan Application for Bruce","2021-05-29","2021-06-08",3,null,3),
("Credit","Credit Application for Ruth","2020-03-24","2020-04-01",2,null,2),
("Loan 2654","Loan Application for Larry","2021-09-14",null,0,null,6),
("Loan 7932","Loan Application for Dana","2020-03-25",null,0,null,1),
("Credit","Credit Application for Pauline","2019-12-02",null,1,null,10),
("Loan 1786","Loan Application for Julie","2020-03-20","2020-03-21",2,null,8),
("Loan 802","Loan Application for Julie","2020-07-09","2020-07-18",2,null,8),
("Credit","Credit Application for Larry","2019-05-01","2019-05-02",3,null,6),
("Credit","Credit Application for Larry","2019-10-05",null,1,null,6),
("Loan 2607","Loan Application for Dana","2021-06-30",null,0,null,1),
("Credit","Credit Application for Julie","2019-09-25","2019-10-25",3,"Poor Credit",8),
("Loan 980","Loan Application for Dana","2021-08-14","2021-08-23",2,null,1),
("Credit","Credit Application for Julie","2020-01-01","2020-01-10",2,null,8),
("Credit","Credit Application for Dana","2021-01-30",null,0,null,1),
("Credit","Credit Application for Pauline","2019-06-25",null,1,null,10),
("Loan 5480","Loan Application for Dana","2019-04-19","2019-04-29",2,null,1),
("Loan 9649","Loan Application for Jason","2021-04-25",null,1,null,7),
("Credit","Credit Application for Pauline","2020-06-01","2020-06-25",3,"User Canceled",10),
("Credit","Credit Application for Melissa","2020-01-17",null,0,null,5),
("Credit","Credit Application for Dana","2019-08-09","2019-08-14",3,"Poor Credit",1),
("Credit","Credit Application for Ruth","2019-03-03","2019-03-05",3,null,2),
("Credit","Credit Application for George","2021-11-15",null,1,null,4),
("Loan 1934","Loan Application for Larry","2021-05-21",null,0,null,6),
("Credit","Credit Application for Larry","2019-06-06",null,1,null,6),
("Loan 7409","Loan Application for Julie","2019-09-19","2019-09-22",3,"Poor Credit",8),
("Loan 6810","Loan Application for Jason","2019-06-06",null,1,null,7),
("Credit","Credit Application for Melissa","2020-03-05",null,1,null,5),
("Loan 3914","Loan Application for George","2019-07-13","2019-07-13",2,null,4),
("Loan 1570","Loan Application for Dana","2020-03-27","2020-04-04",2,null,1),
("Loan 7475","Loan Application for Joann","2021-02-23","2021-02-24",2,null,9),
("Loan 836","Loan Application for Dana","2021-06-13",null,0,null,1),
("Credit","Credit Application for Julie","2021-05-17",null,0,null,8),
("Credit","Credit Application for Pauline","2020-06-25",null,0,null,10),
("Loan 8097","Loan Application for Melissa","2021-04-12",null,1,null,5),
("Loan 6049","Loan Application for Jason","2020-04-15",null,0,null,7),
("Credit","Credit Application for Ruth","2019-01-08","2019-01-13",3,"User Canceled",2),
("Loan 4336","Loan Application for Jason","2019-07-29","2019-07-29",3,"User Canceled",7),
("Credit","Credit Application for Pauline","2019-05-18","2019-05-28",2,null,10),
("Loan 2461","Loan Application for Larry","2020-01-11","2020-01-20",3,"User Canceled",6),
("Credit","Credit Application for Pauline","2021-08-15","2021-08-15",2,null,10),
("Credit","Credit Application for George","2019-12-14","2019-12-14",2,null,4),
("Loan 3822","Loan Application for Larry","2021-02-01",null,0,null,6),
("Credit","Credit Application for Joann","2020-05-28",null,1,null,9),
("Credit","Credit Application for Melissa","2021-11-18","2021-11-29",3,"Poor Credit",5),
("Credit","Credit Application for George","2019-09-26","2019-09-30",3,"Poor Credit",4),
("Loan 9975","Loan Application for Melissa","2021-10-18",null,1,null,5),
("Loan 2674","Loan Application for Larry","2019-10-30","2019-11-27",3,"User Canceled",6),
("Loan 4425","Loan Application for Joann","2021-07-19","2021-07-19",2,null,9),
("Loan 8855","Loan Application for Julie","2019-03-26",null,1,null,8),
("Credit","Credit Application for George","2020-12-02","2020-12-26",2,null,4),
("Loan 1310","Loan Application for Bruce","2021-01-13","2021-01-31",3,"Poor Credit",3),
("Credit","Credit Application for Jason","2021-07-31",null,1,null,7),
("Loan 2571","Loan Application for Julie","2021-02-26",null,0,null,8),
("Credit","Credit Application for Melissa","2021-10-13","2021-10-14",3,"Poor Credit",5),
("Loan 4058","Loan Application for George","2020-10-03","2020-10-06",2,null,4),
("Credit","Credit Application for George","2019-05-29","2019-06-03",3,null,4),
("Loan 8224","Loan Application for Ruth","2021-06-20",null,0,null,2),
("Loan 9777","Loan Application for Pauline","2021-12-01",null,1,null,10),
("Credit","Credit Application for Larry","2019-07-07",null,1,null,6),
("Loan 1395","Loan Application for Pauline","2019-05-13","2019-05-21",2,null,10),
("Loan 5181","Loan Application for George","2019-05-22",null,1,null,4),
("Loan 2435","Loan Application for Melissa","2020-06-29",null,0,null,5),
("Credit","Credit Application for Jason","2019-09-29",null,0,null,7),
("Credit","Credit Application for Dana","2019-11-18","2019-12-09",3,"User Canceled",1),
("Credit","Credit Application for Larry","2020-04-16",null,0,null,6),
("Credit","Credit Application for Melissa","2020-04-15",null,0,null,5),
("Credit","Credit Application for Dana","2021-03-02",null,0,null,1),
("Loan 7218","Loan Application for Jason","2021-01-24","2021-02-09",2,null,7),
("Credit","Credit Application for Pauline","2019-02-02","2019-02-05",2,null,10),
("Loan 3827","Loan Application for Larry","2021-10-08","2021-10-10",2,null,6),
("Loan 8814","Loan Application for Dana","2019-11-19","2019-12-05",2,null,1),
("Credit","Credit Application for Melissa","2021-01-30","2021-02-11",2,null,5),
("Credit","Credit Application for Jason","2019-04-03","2019-04-05",2,null,7),
("Credit","Credit Application for Joann","2019-11-17",null,0,null,9),
("Loan 3386","Loan Application for Jason","2020-08-31",null,0,null,7),
("Loan 7476","Loan Application for Melissa","2020-11-03",null,1,null,5),
("Credit","Credit Application for Pauline","2021-01-07",null,1,null,10),
("Loan 897","Loan Application for Bruce","2020-09-10","2020-09-11",2,null,3),
("Loan 8670","Loan Application for George","2020-05-07","2020-05-13",2,null,4),
("Credit","Credit Application for Ruth","2021-10-01","2021-10-07",3,"Poor Credit",2),
("Credit","Credit Application for Melissa","2021-01-18",null,0,null,5),
("Credit","Credit Application for Melissa","2019-05-11",null,0,null,5),
("Credit","Credit Application for Jason","2020-11-20",null,0,null,7),
("Credit","Credit Application for Larry","2021-07-06",null,1,null,6),
("Credit","Credit Application for Julie","2021-03-14",null,1,null,8),
("Loan 2790","Loan Application for Jason","2020-01-04",null,1,null,7),
("Loan 1923","Loan Application for Pauline","2021-06-28",null,1,null,10),
("Credit","Credit Application for Bruce","2021-04-13","2021-04-15",3,"Poor Credit",3),
("Credit","Credit Application for Joann","2021-08-04",null,1,null,9),
("Loan 7093","Loan Application for Melissa","2021-12-05",null,0,null,5),
("Credit","Credit Application for Larry","2020-01-02","2020-01-07",3,"User Canceled",6),
("Loan 5763","Loan Application for Melissa","2020-03-03",null,0,null,5),
("Loan 4768","Loan Application for Julie","2019-10-29","2019-11-12",2,null,8),
("Credit","Credit Application for Joann","2021-04-19","2021-05-23",2,null,9),
("Loan 7017","Loan Application for Ruth","2019-07-15",null,0,null,2);

insert into card (customer_id, card_number, card_number_short, security_code, type, date_opened, expiration_date, card_balance, card_limit, billing_date, bill_cycle_start_date, bill_cycle_end_date, active, discontinue_reason) values
(10,2244711149815922,5922,655,2,"2020-02-06","2020-02-06",0,10000,"2020-03-17","2020-02-06",False,False,2),
(10,1266607004833788,3788,520,0,"2020-09-14","2020-09-14",0,10000,"2020-10-24","2020-09-14",False,False,3),
(5,7956931949113122,3122,279,1,"2021-04-25","2021-04-25",0,10000,"2021-06-04","2021-04-25","2021-05-26",True,null),
(3,8109596177696111,6111,436,0,"2020-07-02","2020-07-02",0,10000,"2020-08-11","2020-07-02","2020-08-02",True,null),
(4,6215000063109803,9803,726,0,"2021-07-31","2021-07-31",0,10000,"2021-09-09","2021-07-31",False,False,4),
(5,5836756302971403,1403,401,3,"2019-11-20","2019-11-20",0,10000,"2019-12-30","2019-11-20",False,False,3),
(4,1159876297815446,5446,479,3,"2019-07-08","2019-07-08",0,10000,"2019-08-17","2019-07-08",False,False,2),
(2,1103287155982039,2039,545,0,"2020-04-01","2020-04-01",0,10000,"2020-05-11","2020-04-01",False,False,2),
(8,4994259341429270,9270,597,3,"2020-01-10","2020-01-10",0,10000,"2020-02-19","2020-01-10",False,False,3),
(10,9635497975344515,4515,831,3,"2019-05-28","2019-05-28",0,10000,"2019-07-07","2019-05-28",False,False,1),
(10,5673231175323521,3521,778,3,"2021-08-15","2021-02-15",0,10000,"2021-09-24","2021-08-15",False,False,1),
(4,8782845262108326,8326,885,1,"2019-12-14","2019-12-14",0,10000,"2020-01-23","2019-12-14",False,False,2),
(4,5131240694229881,9881,17,1,"2020-12-26","2020-12-26",0,10000,"2021-02-04","2020-12-26","2021-01-26",True,null),
(10,5827374851438387,8387,88,3,"2019-02-05","2019-02-05",0,10000,"2019-03-17","2019-02-05",False,False,1),
(5,1270427323046349,6349,149,2,"2021-02-11","2021-02-11",0,10000,"2021-03-23","2021-02-11","2021-03-14",True,null),
(7,3317941743053513,3513,811,1,"2019-04-05","2019-04-05",0,10000,"2019-05-15","2019-04-05",False,False,2),
(9,7026151225086377,6377,64,1,"2021-05-23","2021-02-23",0,10000,"2021-07-02","2021-05-23","2021-06-23",True,null);

insert into loan (customer_id, balance, interest, date_opened, state, city, active) values
(8,7920,0.05,"2020-05-26","WA","Austin",True),
(2,7251,0.05,"2019-11-28","FL","Puyallup",True),
(7,5487,0.05,"2021-10-27","WA","Redmond",True),
(6,1330,0.05,"2019-01-20","FL","Puyallup",True),
(8,1786,0.05,"2020-03-21","WA","Austin",True),
(8,802,0.05,"2020-07-18","WA","Austin",True),
(1,980,0.05,"2021-08-23","NJ","San Diego",True),
(1,5480,0.05,"2019-04-29","NJ","San Diego",True),
(4,3914,0.05,"2019-07-13","CA","Boulder",True),
(1,1570,0.05,"2020-04-04","NJ","San Diego",True),
(9,7475,0.05,"2021-02-24","FL","San Diego",True),
(9,4425,0.05,"2021-07-19","FL","San Diego",True),
(4,4058,0.05,"2020-10-06","CA","Boulder",True),
(10,1395,0.05,"2019-05-21","NJ","Austin",True),
(7,7218,0.05,"2021-02-09","WA","Redmond",True),
(6,3827,0.05,"2021-10-10","FL","Puyallup",True),
(1,8814,0.05,"2019-12-05","NJ","San Diego",True),
(3,897,0.05,"2020-09-11","CA","Redmond",True),
(4,8670,0.05,"2020-05-13","CA","Boulder",True),
(8,4768,0.05,"2019-11-12","WA","Austin",True);

insert into transaction (merchant_name, description, amount, date, on_time, city, state, card_id, loan_id, customer_id, category_id) values
("Michael Paine","Payment to Michael Paine",499,"2020-01-30",True,"Austin","WA",14,null,10,4),
("David Turbeville","Payment to David Turbeville",558,"2018-03-07",True,"Sacramento","CA",17,null,9,8),
("Bank 504","Payment to Bank 504",147,"2019-05-05",True,"Sacramento","NJ",17,null,9,0),
("Bank 504","Payment to Bank 504",534,"2020-05-18",True,"Sacramento","FL",null,null,6,0),
("Bank 504","Payment to Bank 504",434,"2020-04-22",True,"Sacramento","WA",null,14,10,0),
("Bank 504","Payment to Bank 504",137,"2019-05-25",True,"Sacramento","SD",null,null,6,0),
("Edna Petko","Payment to Edna Petko",820,"2019-08-04",True,"Redmond","WA",null,null,1,1),
("Brian Kerns","Payment to Brian Kerns",817,"2020-12-12",True,"Austin","FL",1,null,10,11),
("Bank 504","Payment to Bank 504",809,"2018-08-24",True,"San Diego","TX",null,null,1,0),
("Bank 504","Payment to Bank 504",185,"2020-02-13",True,"San Diego","WA",null,null,6,0),
("Joel Byers","Payment to Joel Byers",171,"2020-12-06",True,"Sacramento","FL",9,null,8,3),
("Bank 504","Payment to Bank 504",43,"2020-05-30",True,"Sacramento","WA",8,null,2,0),
("Rosalie Englert","Payment to Rosalie Englert",192,"2019-05-06",True,"Sacramento","WA",1,null,10,4),
("Thomas Vasquez","Payment to Thomas Vasquez",838,"2019-08-16",True,"Puyallup","TX",15,null,5,8),
("Bank 504","Payment to Bank 504",382,"2018-04-24",False,"Redmond","WA",15,null,5,0),
("Diane Winslow","Payment to Diane Winslow",549,"2018-04-08",True,"Puyallup","SD",16,null,7,2),
("Troy Dunham","Payment to Troy Dunham",391,"2018-03-24",True,"San Diego","CA",8,null,2,5),
("Bank 504","Payment to Bank 504",65,"2019-11-05",False,"Sacramento","WA",10,null,10,0),
("Bank 504","Payment to Bank 504",741,"2018-09-14",True,"Puyallup","SD",null,null,1,0),
("Jeffery Elliott","Payment to Jeffery Elliott",414,"2020-02-08",True,"San Diego","CA",4,null,3,10),
("Larry Fernandez","Payment to Larry Fernandez",529,"2020-11-17",True,"Boulder","WA",null,null,6,11),
("Birgit Reeves","Payment to Birgit Reeves",792,"2018-01-20",True,"San Diego","WA",17,null,9,11),
("Betty Contreras","Payment to Betty Contreras",27,"2018-09-02",True,"Puyallup","FL",4,null,3,1),
("Patrick Arsenault","Payment to Patrick Arsenault",512,"2020-02-29",True,"Redmond","CA",8,null,2,6),
("Andrea Roberts","Payment to Andrea Roberts",278,"2018-10-10",True,"Austin","WA",null,null,6,1),
("Dorothy Moore","Payment to Dorothy Moore",411,"2019-02-22",True,"Redmond","SD",12,null,4,3),
("Michael Mallory","Payment to Michael Mallory",630,"2018-04-17",True,"San Diego","CA",8,null,2,6),
("Maria Hamar","Payment to Maria Hamar",194,"2018-08-18",True,"Austin","NJ",10,null,10,7),
("Grant Davis","Payment to Grant Davis",536,"2019-06-09",True,"Sacramento","SD",8,null,2,3),
("Carmen Clark","Payment to Carmen Clark",184,"2020-04-16",True,"Austin","CA",4,null,3,6),
("Bank 504","Payment to Bank 504",854,"2019-03-12",True,"Austin","WA",null,6,8,0),
("Bank 504","Payment to Bank 504",939,"2020-12-11",True,"Redmond","NJ",null,11,9,0),
("David Slade","Payment to David Slade",923,"2020-09-05",True,"Boulder","TX",4,null,3,9),
("Janice Jones","Payment to Janice Jones",385,"2018-10-26",True,"Austin","SD",2,null,10,9),
("Bank 504","Payment to Bank 504",503,"2018-03-16",True,"Boulder","TX",null,14,10,0),
("Cheryl Bartlett","Payment to Cheryl Bartlett",649,"2019-04-12",True,"Boulder","FL",6,null,5,1),
("Teresa Newman","Payment to Teresa Newman",335,"2019-09-22",True,"Redmond","CA",13,null,4,5),
("Michelle Gonzales","Payment to Michelle Gonzales",910,"2019-02-16",True,"Austin","NJ",8,null,2,11),
("Bank 504","Payment to Bank 504",292,"2018-07-23",True,"Boulder","NJ",11,null,10,0),
("Carmen Mulac","Payment to Carmen Mulac",336,"2020-01-06",True,"Puyallup","SD",13,null,4,1),
("Bank 504","Payment to Bank 504",197,"2018-07-24",True,"Austin","NJ",null,20,8,0),
("Bank 504","Payment to Bank 504",286,"2020-03-28",False,"Austin","WA",null,null,5,0),
("Thomas Smith","Payment to Thomas Smith",681,"2019-07-20",True,"Boulder","SD",5,null,4,7),
("Bank 504","Payment to Bank 504",312,"2020-05-07",True,"Boulder","CA",5,null,4,0),
("Thomas Moore","Payment to Thomas Moore",792,"2020-08-10",True,"Puyallup","TX",1,null,10,1),
("Lizzie Worthington","Payment to Lizzie Worthington",562,"2020-12-28",True,"Austin","TX",null,null,6,1),
("Bank 504","Payment to Bank 504",323,"2018-04-09",True,"Austin","NJ",2,null,10,0),
("Ruth Voorhees","Payment to Ruth Voorhees",749,"2020-03-25",True,"Sacramento","CA",3,null,5,7),
("Bank 504","Payment to Bank 504",691,"2020-11-03",True,"Sacramento","NJ",16,null,7,0),
("Lura Mitani","Payment to Lura Mitani",600,"2018-04-06",True,"Sacramento","FL",3,null,5,7),
("Bank 504","Payment to Bank 504",136,"2018-06-04",True,"Austin","CA",null,2,2,0),
("David Larios","Payment to David Larios",993,"2019-11-28",True,"Redmond","SD",4,null,3,10),
("Bank 504","Payment to Bank 504",729,"2018-04-08",True,"Redmond","FL",11,null,10,0),
("Bank 504","Payment to Bank 504",683,"2020-11-06",True,"Boulder","CA",null,16,6,0),
("Maria Roberts","Payment to Maria Roberts",719,"2018-09-16",True,"Austin","TX",12,null,4,1),
("Gilbert Morgan","Payment to Gilbert Morgan",554,"2019-12-27",True,"Sacramento","WA",9,null,8,1),
("Bank 504","Payment to Bank 504",416,"2019-03-23",False,"San Diego","WA",null,4,6,0),
("Dolores Armstrong","Payment to Dolores Armstrong",26,"2018-10-22",True,"San Diego","SD",7,null,4,6),
("Beverly Miller","Payment to Beverly Miller",752,"2018-05-26",True,"Redmond","TX",8,null,2,1),
("Judith Vinyard","Payment to Judith Vinyard",581,"2020-04-01",True,"Puyallup","SD",8,null,2,1),
("Felix Nunez","Payment to Felix Nunez",506,"2019-05-22",True,"Redmond","TX",null,null,1,9),
("Gladys Beach","Payment to Gladys Beach",269,"2019-10-05",True,"Boulder","FL",17,null,9,8),
("Paul Mcknight","Payment to Paul Mcknight",206,"2019-03-26",True,"Sacramento","FL",null,null,1,6),
("Bank 504","Payment to Bank 504",200,"2020-07-31",True,"Boulder","NJ",null,12,9,0),
("Bank 504","Payment to Bank 504",232,"2019-05-09",True,"San Diego","NJ",null,2,2,0),
("Bank 504","Payment to Bank 504",536,"2018-01-04",True,"Puyallup","WA",4,null,3,0),
("Douglas Oglesby","Payment to Douglas Oglesby",325,"2018-03-27",True,"Puyallup","CA",17,null,9,1),
("Bank 504","Payment to Bank 504",367,"2018-12-05",False,"Boulder","WA",null,2,2,0),
("Bank 504","Payment to Bank 504",561,"2020-08-31",True,"San Diego","TX",4,null,3,0),
("Clarence Ballin","Payment to Clarence Ballin",389,"2020-07-03",True,"Redmond","FL",null,null,1,4),
("Bank 504","Payment to Bank 504",275,"2019-10-09",False,"Puyallup","NJ",null,12,9,0),
("Samual Duncan","Payment to Samual Duncan",593,"2020-05-07",True,"Sacramento","SD",null,null,1,6),
("Frank Haddock","Payment to Frank Haddock",900,"2018-02-07",True,"San Diego","TX",null,null,6,7),
("Esther Lambert","Payment to Esther Lambert",373,"2018-01-04",True,"San Diego","TX",17,null,9,5),
("Bank 504","Payment to Bank 504",115,"2018-01-11",False,"Puyallup","FL",16,null,7,0),
("Bank 504","Payment to Bank 504",972,"2018-07-12",True,"Puyallup","CA",null,18,3,0),
("Alex Lomax","Payment to Alex Lomax",107,"2018-08-26",True,"Puyallup","WA",16,null,7,1),
("Anne Kabrick","Payment to Anne Kabrick",832,"2018-12-02",True,"Sacramento","WA",null,null,1,3),
("Bank 504","Payment to Bank 504",153,"2020-08-22",False,"Redmond","FL",9,null,8,0),
("Shawn Small","Payment to Shawn Small",695,"2019-09-07",True,"San Diego","NJ",null,null,1,5),
("Bank 504","Payment to Bank 504",922,"2019-04-22",True,"Puyallup","SD",null,14,10,0),
("Bank 504","Payment to Bank 504",533,"2019-07-03",True,"Puyallup","FL",17,null,9,0),
("Audra Leslie","Payment to Audra Leslie",590,"2018-12-30",True,"San Diego","FL",null,null,6,5),
("Bank 504","Payment to Bank 504",514,"2018-05-01",False,"Redmond","CA",null,17,1,0),
("Florence Durant","Payment to Florence Durant",128,"2019-02-18",True,"Redmond","FL",16,null,7,10),
("Ida Work","Payment to Ida Work",328,"2020-10-11",True,"Sacramento","NJ",16,null,7,5),
("Stella Woods","Payment to Stella Woods",685,"2018-07-01",True,"Sacramento","CA",4,null,3,3),
("Susan Copeland","Payment to Susan Copeland",115,"2020-08-19",True,"Boulder","FL",6,null,5,6),
("Mattie Monroe","Payment to Mattie Monroe",868,"2018-07-13",True,"Austin","NJ",9,null,8,1),
("Beverly Gray","Payment to Beverly Gray",750,"2018-08-11",True,"Austin","SD",null,null,6,6),
("Ramon Palacios","Payment to Ramon Palacios",296,"2020-07-14",True,"Puyallup","CA",17,null,9,10),
("Amber Brosius","Payment to Amber Brosius",822,"2019-08-30",True,"San Diego","NJ",9,null,8,1),
("Bank 504","Payment to Bank 504",163,"2020-02-18",True,"Sacramento","FL",5,null,4,0),
("Bank 504","Payment to Bank 504",696,"2019-09-19",False,"San Diego","TX",null,null,1,0),
("Refugia Pothoven","Payment to Refugia Pothoven",627,"2020-10-21",True,"San Diego","CA",null,null,1,9),
("Katherine Muller","Payment to Katherine Muller",867,"2019-10-28",True,"Puyallup","WA",16,null,7,5),
("Bank 504","Payment to Bank 504",537,"2020-12-17",True,"Puyallup","CA",null,null,1,0),
("Lenora Morris","Payment to Lenora Morris",809,"2019-03-08",True,"Sacramento","WA",null,null,1,1),
("Bank 504","Payment to Bank 504",464,"2019-07-11",False,"Redmond","WA",8,null,2,0),
("Lawrence Lares","Payment to Lawrence Lares",463,"2018-03-10",True,"San Diego","CA",13,null,4,11),
("Patricia Hightower","Payment to Patricia Hightower",646,"2019-12-10",True,"San Diego","CA",10,null,10,4),
("Bank 504","Payment to Bank 504",732,"2018-02-12",False,"Puyallup","CA",4,null,3,0),
("Bank 504","Payment to Bank 504",180,"2019-06-15",False,"Sacramento","FL",17,null,9,0),
("Bank 504","Payment to Bank 504",683,"2018-08-25",True,"Puyallup","NJ",17,null,9,0),
("Peter Garcia","Payment to Peter Garcia",385,"2020-07-13",True,"San Diego","TX",17,null,9,2),
("Tammy Elam","Payment to Tammy Elam",440,"2019-02-23",True,"Puyallup","TX",4,null,3,2),
("William Harmon","Payment to William Harmon",473,"2020-05-19",True,"Austin","CA",17,null,9,6),
("Bank 504","Payment to Bank 504",388,"2019-06-30",True,"Redmond","SD",null,3,7,0),
("Hanh Simmers","Payment to Hanh Simmers",681,"2019-05-16",True,"Redmond","FL",6,null,5,2),
("Guy Gerbatz","Payment to Guy Gerbatz",548,"2019-05-22",True,"San Diego","CA",null,null,6,4),
("William Moore","Payment to William Moore",671,"2019-05-22",True,"Austin","CA",null,null,6,7),
("Bank 504","Payment to Bank 504",76,"2020-09-13",True,"Sacramento","CA",6,null,5,0),
("Bank 504","Payment to Bank 504",827,"2020-05-04",True,"Redmond","WA",null,2,2,0),
("Bank 504","Payment to Bank 504",294,"2019-01-31",True,"Redmond","WA",17,null,9,0),
("Leslie Zdenek","Payment to Leslie Zdenek",851,"2019-05-20",True,"Sacramento","WA",null,null,6,7),
("Bank 504","Payment to Bank 504",377,"2019-02-02",False,"Austin","WA",9,null,8,0),
("Bank 504","Payment to Bank 504",251,"2018-01-23",False,"Austin","FL",null,12,9,0),
("William Breaux","Payment to William Breaux",137,"2019-07-15",True,"Sacramento","FL",4,null,3,4),
("Barry Gaskill","Payment to Barry Gaskill",519,"2019-03-31",True,"San Diego","NJ",17,null,9,3),
("Bank 504","Payment to Bank 504",632,"2020-04-27",False,"Austin","SD",14,null,10,0),
("Bank 504","Payment to Bank 504",563,"2019-03-27",True,"Austin","TX",17,null,9,0),
("Bank 504","Payment to Bank 504",399,"2018-01-31",True,"Boulder","NJ",4,null,3,0),
("Gilbert Seales","Payment to Gilbert Seales",868,"2019-12-25",True,"Austin","NJ",14,null,10,10),
("Tyler Spires","Payment to Tyler Spires",997,"2019-05-21",True,"Boulder","WA",16,null,7,4),
("Bank 504","Payment to Bank 504",372,"2020-11-21",True,"Austin","WA",7,null,4,0),
("Bank 504","Payment to Bank 504",841,"2019-04-16",False,"Redmond","NJ",null,null,5,0),
("Gladys Beaudry","Payment to Gladys Beaudry",934,"2020-08-11",True,"Redmond","TX",7,null,4,11),
("Bank 504","Payment to Bank 504",826,"2018-08-19",True,"Redmond","CA",9,null,8,0),
("Bank 504","Payment to Bank 504",914,"2020-08-03",True,"Sacramento","SD",null,10,1,0),
("Charles Redding","Payment to Charles Redding",724,"2019-12-19",True,"Boulder","SD",17,null,9,6),
("Bank 504","Payment to Bank 504",699,"2020-09-10",True,"Boulder","WA",null,4,6,0),
("Bank 504","Payment to Bank 504",606,"2020-09-24",False,"Sacramento","TX",4,null,3,0),
("Kevin Aylsworth","Payment to Kevin Aylsworth",90,"2018-08-30",True,"Redmond","FL",3,null,5,3),
("Teresa Walke","Payment to Teresa Walke",302,"2018-08-25",True,"Redmond","WA",4,null,3,6),
("James Jutras","Payment to James Jutras",590,"2020-08-31",True,"Puyallup","FL",7,null,4,1),
("James Romansky","Payment to James Romansky",143,"2019-07-01",True,"Sacramento","FL",1,null,10,4),
("Ken Rainey","Payment to Ken Rainey",78,"2020-07-30",True,"Puyallup","FL",17,null,9,3),
("Sharon Grimmett","Payment to Sharon Grimmett",750,"2019-08-08",True,"San Diego","FL",17,null,9,7),
("Bank 504","Payment to Bank 504",889,"2018-04-21",True,"Sacramento","CA",null,18,3,0),
("Jane Gabbert","Payment to Jane Gabbert",256,"2019-02-07",True,"Puyallup","NJ",4,null,3,4),
("Jessie Green","Payment to Jessie Green",425,"2019-12-08",True,"Redmond","TX",9,null,8,11),
("James Marshall","Payment to James Marshall",504,"2019-03-04",True,"Boulder","NJ",9,null,8,9),
("Theresa Narro","Payment to Theresa Narro",703,"2019-01-30",True,"San Diego","WA",14,null,10,1),
("Bank 504","Payment to Bank 504",74,"2018-01-29",True,"San Diego","CA",15,null,5,0),
("Bank 504","Payment to Bank 504",311,"2020-08-18",False,"Puyallup","NJ",null,14,10,0),
("Bank 504","Payment to Bank 504",411,"2018-09-04",True,"Austin","NJ",null,3,7,0),
("Bank 504","Payment to Bank 504",613,"2018-04-25",True,"San Diego","TX",null,null,6,0),
("Robert Brooker","Payment to Robert Brooker",956,"2019-04-17",True,"Austin","FL",16,null,7,10),
("Margaret Faust","Payment to Margaret Faust",583,"2018-09-13",True,"Sacramento","TX",9,null,8,10),
("Joseph Coffey","Payment to Joseph Coffey",384,"2019-11-25",True,"Sacramento","FL",null,null,1,4),
("Michael Price","Payment to Michael Price",347,"2019-10-28",True,"Puyallup","SD",8,null,2,10),
("Bank 504","Payment to Bank 504",867,"2018-10-05",False,"Sacramento","SD",2,null,10,0),
("Elmer Carlson","Payment to Elmer Carlson",636,"2019-09-20",True,"Boulder","FL",8,null,2,1),
("Claude Lovaglio","Payment to Claude Lovaglio",77,"2019-01-24",True,"Boulder","WA",9,null,8,3),
("Sandra Sanchez","Payment to Sandra Sanchez",334,"2020-02-29",True,"Redmond","WA",4,null,3,6),
("Betsy Dugger","Payment to Betsy Dugger",651,"2020-05-03",True,"Sacramento","NJ",null,null,6,1),
("Derek Nelson","Payment to Derek Nelson",491,"2018-10-04",True,"Puyallup","CA",16,null,7,1),
("Bank 504","Payment to Bank 504",451,"2018-04-15",True,"Redmond","TX",14,null,10,0),
("Bank 504","Payment to Bank 504",210,"2018-09-16",False,"Redmond","FL",17,null,9,0),
("Cynthia Allison","Payment to Cynthia Allison",287,"2019-04-01",True,"Puyallup","CA",2,null,10,10),
("Milagros Bouley","Payment to Milagros Bouley",983,"2020-02-13",True,"Boulder","SD",8,null,2,1),
("Bank 504","Payment to Bank 504",447,"2018-08-15",False,"Austin","SD",8,null,2,0),
("Betty Grosz","Payment to Betty Grosz",229,"2019-05-21",True,"Boulder","NJ",17,null,9,2),
("Sandra Rodriguez","Payment to Sandra Rodriguez",160,"2019-04-30",True,"Puyallup","TX",16,null,7,9),
("Bank 504","Payment to Bank 504",553,"2019-11-06",True,"Puyallup","NJ",null,11,9,0),
("Bank 504","Payment to Bank 504",864,"2020-11-22",False,"Puyallup","SD",null,15,7,0),
("Merle Denny","Payment to Merle Denny",671,"2020-07-15",True,"Redmond","CA",null,null,6,4),
("Linda Putman","Payment to Linda Putman",844,"2019-07-22",True,"Redmond","TX",14,null,10,5),
("Susan Claudio","Payment to Susan Claudio",965,"2020-04-06",True,"Austin","WA",5,null,4,8),
("Geoffrey Linville","Payment to Geoffrey Linville",453,"2020-02-10",True,"Redmond","CA",null,null,6,9),
("Bank 504","Payment to Bank 504",79,"2019-05-23",True,"San Diego","CA",null,null,1,0),
("Randy Slay","Payment to Randy Slay",715,"2019-08-02",True,"Austin","SD",16,null,7,1),
("Jack Westbrook","Payment to Jack Westbrook",152,"2019-09-23",True,"Sacramento","TX",null,null,1,4),
("Bernadette Crowson","Payment to Bernadette Crowson",27,"2019-04-21",True,"Austin","FL",17,null,9,5),
("Bank 504","Payment to Bank 504",526,"2019-04-19",True,"Redmond","TX",1,null,10,0),
("Bank 504","Payment to Bank 504",628,"2018-02-03",True,"San Diego","FL",null,15,7,0),
("Bank 504","Payment to Bank 504",937,"2018-11-28",True,"Austin","CA",17,null,9,0),
("Lyle Thomas","Payment to Lyle Thomas",31,"2019-11-26",True,"Puyallup","CA",13,null,4,4),
("Bank 504","Payment to Bank 504",131,"2020-02-27",True,"Austin","WA",null,14,10,0),
("Bruce Jackson","Payment to Bruce Jackson",247,"2020-01-03",True,"Puyallup","FL",null,null,6,1),
("Jessica Marsh","Payment to Jessica Marsh",148,"2018-02-26",True,"Austin","CA",17,null,9,11),
("Floyd Davis","Payment to Floyd Davis",424,"2018-03-22",True,"San Diego","TX",14,null,10,6),
("Bank 504","Payment to Bank 504",445,"2020-05-06",True,"San Diego","CA",null,null,5,0),
("Bank 504","Payment to Bank 504",306,"2020-09-06",True,"San Diego","SD",null,null,1,0),
("Bank 504","Payment to Bank 504",332,"2019-04-14",True,"Redmond","CA",null,18,3,0),
("Bank 504","Payment to Bank 504",821,"2018-05-28",True,"Austin","CA",5,null,4,0),
("Eric Carls","Payment to Eric Carls",673,"2019-03-31",True,"San Diego","SD",14,null,10,1),
("Jay Carlos","Payment to Jay Carlos",276,"2019-03-09",True,"Boulder","NJ",4,null,3,7),
("Bank 504","Payment to Bank 504",211,"2019-12-24",True,"Boulder","TX",null,null,6,0),
("Bank 504","Payment to Bank 504",367,"2020-09-28",True,"Austin","FL",null,15,7,0),
("William Parker","Payment to William Parker",206,"2019-12-31",True,"Boulder","CA",8,null,2,9),
("Bank 504","Payment to Bank 504",598,"2019-03-02",True,"San Diego","FL",13,null,4,0),
("Kenya Hurtubise","Payment to Kenya Hurtubise",422,"2018-02-05",True,"Boulder","FL",17,null,9,11),
("Elizabeth Giles","Payment to Elizabeth Giles",932,"2018-12-23",True,"Boulder","WA",17,null,9,9),
("Glen Damian","Payment to Glen Damian",471,"2019-12-26",True,"Redmond","SD",8,null,2,7),
("Devin Vidrine","Payment to Devin Vidrine",815,"2018-12-19",True,"Redmond","TX",7,null,4,11),
("Bank 504","Payment to Bank 504",996,"2020-08-14",False,"Redmond","WA",null,8,1,0),
("Bank 504","Payment to Bank 504",846,"2018-11-06",False,"Redmond","SD",null,2,2,0),
("Veronica Sherman","Payment to Veronica Sherman",380,"2020-01-09",True,"Sacramento","NJ",3,null,5,4),
("Bank 504","Payment to Bank 504",211,"2018-12-24",False,"Sacramento","FL",null,2,2,0),
("Bank 504","Payment to Bank 504",403,"2018-03-16",True,"Sacramento","CA",13,null,4,0),
("Miranda Skeens","Payment to Miranda Skeens",640,"2020-12-07",True,"Austin","SD",null,null,1,2),
("Joseph Gordon","Payment to Joseph Gordon",261,"2018-05-29",True,"Puyallup","NJ",16,null,7,8),
("Priscilla Dunlap","Payment to Priscilla Dunlap",127,"2019-07-12",True,"Boulder","NJ",15,null,5,10),
("Bank 504","Payment to Bank 504",394,"2019-05-30",True,"Austin","NJ",4,null,3,0),
("Bank 504","Payment to Bank 504",705,"2020-02-28",True,"Sacramento","FL",null,9,4,0),
("Bank 504","Payment to Bank 504",737,"2018-11-11",True,"Austin","FL",10,null,10,0),
("Bank 504","Payment to Bank 504",518,"2020-03-12",True,"Sacramento","NJ",null,2,2,0),
("Bank 504","Payment to Bank 504",810,"2019-10-05",True,"Redmond","NJ",null,null,6,0),
("Bank 504","Payment to Bank 504",713,"2020-02-23",True,"Puyallup","SD",null,null,6,0),
("Lorrie Colon","Payment to Lorrie Colon",275,"2019-01-18",True,"Austin","NJ",9,null,8,4),
("Russell Shultz","Payment to Russell Shultz",705,"2020-11-27",True,"Austin","CA",4,null,3,1),
("Bank 504","Payment to Bank 504",175,"2020-08-25",True,"Redmond","CA",null,18,3,0),
("Bank 504","Payment to Bank 504",308,"2020-09-04",True,"Austin","CA",null,null,6,0),
("Sadie Small","Payment to Sadie Small",942,"2019-01-07",True,"Redmond","FL",null,null,6,7),
("David Hurst","Payment to David Hurst",952,"2020-07-23",True,"Austin","TX",4,null,3,5),
("Joni White","Payment to Joni White",324,"2020-01-17",True,"Austin","FL",null,null,1,9),
("Elizabeth Smith","Payment to Elizabeth Smith",555,"2018-09-23",True,"Austin","SD",12,null,4,11),
("Bank 504","Payment to Bank 504",112,"2018-03-01",False,"Puyallup","SD",null,11,9,0),
("Bank 504","Payment to Bank 504",244,"2020-06-28",True,"Austin","FL",null,13,4,0),
("Bank 504","Payment to Bank 504",200,"2020-10-12",True,"Austin","FL",null,19,4,0),
("Bank 504","Payment to Bank 504",157,"2018-01-12",True,"Puyallup","CA",8,null,2,0),
("Katherine Wright","Payment to Katherine Wright",134,"2019-09-01",True,"Boulder","WA",12,null,4,4),
("Bank 504","Payment to Bank 504",230,"2018-09-22",False,"Boulder","TX",16,null,7,0),
("Michael Youngblood","Payment to Michael Youngblood",992,"2020-02-07",True,"Puyallup","NJ",1,null,10,4),
("Bank 504","Payment to Bank 504",62,"2020-04-19",True,"Boulder","TX",null,13,4,0),
("Bank 504","Payment to Bank 504",529,"2018-06-13",True,"Redmond","WA",null,11,9,0),
("Ruth Breaux","Payment to Ruth Breaux",521,"2020-10-06",True,"San Diego","WA",13,null,4,3),
("Linda Thomas","Payment to Linda Thomas",256,"2019-08-24",True,"Austin","SD",null,null,1,3),
("Kim Camp","Payment to Kim Camp",639,"2019-12-17",True,"Redmond","NJ",6,null,5,2),
("Mark Cam","Payment to Mark Cam",94,"2018-07-03",True,"Sacramento","NJ",null,null,6,2),
("Bank 504","Payment to Bank 504",644,"2020-09-24",True,"San Diego","TX",null,2,2,0),
("Bank 504","Payment to Bank 504",749,"2018-12-03",True,"Puyallup","SD",16,null,7,0),
("Brad Parada","Payment to Brad Parada",632,"2018-11-07",True,"Puyallup","SD",null,null,6,11),
("Bank 504","Payment to Bank 504",230,"2018-10-10",True,"Austin","SD",8,null,2,0),
("Scott Comerford","Payment to Scott Comerford",673,"2019-03-26",True,"Redmond","FL",17,null,9,1),
("Martha Rodriguez","Payment to Martha Rodriguez",799,"2020-02-02",True,"Austin","TX",9,null,8,10),
("Mario Muller","Payment to Mario Muller",410,"2019-11-25",True,"San Diego","SD",8,null,2,1),
("Bank 504","Payment to Bank 504",411,"2020-07-19",True,"Puyallup","FL",8,null,2,0),
("Amy Rodriguez","Payment to Amy Rodriguez",95,"2020-08-28",True,"Sacramento","FL",8,null,2,7),
("Kirby King","Payment to Kirby King",663,"2020-06-13",True,"Austin","WA",15,null,5,10),
("Nicholas Craig","Payment to Nicholas Craig",945,"2019-03-23",True,"Boulder","NJ",8,null,2,11),
("Bank 504","Payment to Bank 504",380,"2020-07-06",True,"Puyallup","SD",null,12,9,0),
("Bank 504","Payment to Bank 504",920,"2019-07-23",True,"San Diego","TX",null,12,9,0),
("Brandon Stout","Payment to Brandon Stout",862,"2020-03-21",True,"Sacramento","TX",null,null,6,10),
("Shirley Willard","Payment to Shirley Willard",411,"2020-06-05",True,"Sacramento","SD",17,null,9,11),
("Bank 504","Payment to Bank 504",696,"2018-06-04",True,"Austin","FL",null,18,3,0),
("Bank 504","Payment to Bank 504",561,"2018-08-02",True,"Sacramento","SD",5,null,4,0),
("Bank 504","Payment to Bank 504",49,"2019-09-23",True,"Sacramento","NJ",null,2,2,0),
("Judy Johnson","Payment to Judy Johnson",963,"2018-03-02",True,"Boulder","WA",3,null,5,1),
("Bank 504","Payment to Bank 504",45,"2019-12-11",True,"Austin","FL",9,null,8,0),
("Shawn Baker","Payment to Shawn Baker",264,"2019-05-22",True,"Puyallup","TX",null,null,1,5),
("Floyd Tzeremes","Payment to Floyd Tzeremes",27,"2020-10-14",True,"Redmond","WA",11,null,10,7),
("Bank 504","Payment to Bank 504",439,"2020-01-23",False,"Boulder","SD",null,3,7,0),
("Bank 504","Payment to Bank 504",236,"2018-08-14",False,"Puyallup","FL",null,4,6,0),
("Bank 504","Payment to Bank 504",44,"2018-12-08",True,"Boulder","CA",null,15,7,0),
("Glen Coombe","Payment to Glen Coombe",16,"2018-04-12",True,"Puyallup","FL",null,null,1,7),
("Bank 504","Payment to Bank 504",828,"2018-06-20",False,"Puyallup","TX",null,null,5,0),
("Wayne Rodriquez","Payment to Wayne Rodriquez",826,"2020-11-27",True,"Sacramento","SD",6,null,5,11),
("Bank 504","Payment to Bank 504",974,"2020-04-20",True,"Austin","CA",16,null,7,0),
("Shelley Ruiz","Payment to Shelley Ruiz",419,"2019-04-15",True,"Sacramento","CA",17,null,9,8),
("Kara Nauman","Payment to Kara Nauman",393,"2019-11-04",True,"Sacramento","WA",4,null,3,10),
("Bank 504","Payment to Bank 504",795,"2019-06-18",True,"San Diego","CA",null,15,7,0),
("Bank 504","Payment to Bank 504",414,"2020-01-19",True,"Sacramento","WA",9,null,8,0),
("Bank 504","Payment to Bank 504",34,"2018-04-02",True,"Boulder","WA",7,null,4,0),
("Bank 504","Payment to Bank 504",931,"2019-09-23",True,"Redmond","FL",null,18,3,0),
("Bank 504","Payment to Bank 504",812,"2020-11-13",False,"Boulder","SD",15,null,5,0),
("John Rippelmeyer","Payment to John Rippelmeyer",371,"2018-12-20",True,"Sacramento","FL",9,null,8,6),
("David Regan","Payment to David Regan",351,"2018-08-29",True,"Sacramento","WA",10,null,10,6),
("Ismael Quale","Payment to Ismael Quale",487,"2018-11-27",True,"Boulder","SD",null,null,6,7),
("Bank 504","Payment to Bank 504",112,"2018-08-01",True,"Sacramento","NJ",null,2,2,0),
("Bank 504","Payment to Bank 504",66,"2018-03-23",False,"Austin","WA",null,18,3,0),
("Robert Mclean","Payment to Robert Mclean",233,"2020-08-28",True,"Austin","FL",null,null,1,7),
("Vera Coleman","Payment to Vera Coleman",669,"2020-11-12",True,"San Diego","FL",7,null,4,9),
("Melissa Pennington","Payment to Melissa Pennington",261,"2019-02-07",True,"Boulder","WA",13,null,4,7),
("Bank 504","Payment to Bank 504",407,"2018-06-16",True,"San Diego","FL",null,3,7,0),
("Bank 504","Payment to Bank 504",195,"2020-06-18",True,"Austin","SD",17,null,9,0),
("Bank 504","Payment to Bank 504",932,"2019-10-30",True,"Puyallup","FL",null,null,1,0),
("Doris Byers","Payment to Doris Byers",411,"2019-10-06",True,"Austin","WA",null,null,1,4),
("Bank 504","Payment to Bank 504",225,"2018-03-11",True,"Redmond","TX",null,18,3,0),
("Bank 504","Payment to Bank 504",586,"2020-10-24",True,"Boulder","NJ",9,null,8,0),
("Melissa Federico","Payment to Melissa Federico",970,"2018-04-25",True,"Boulder","NJ",9,null,8,1),
("Bank 504","Payment to Bank 504",290,"2020-08-01",True,"Redmond","CA",null,18,3,0),
("Desiree Lamm","Payment to Desiree Lamm",725,"2018-07-24",True,"San Diego","WA",3,null,5,4),
("Bank 504","Payment to Bank 504",662,"2020-12-23",True,"Austin","CA",null,18,3,0),
("Sarah Robinson","Payment to Sarah Robinson",476,"2020-01-29",True,"Puyallup","SD",4,null,3,10),
("John Valenti","Payment to John Valenti",499,"2020-02-05",True,"Redmond","FL",null,null,6,9),
("Bank 504","Payment to Bank 504",645,"2020-07-24",True,"Redmond","SD",null,9,4,0),
("Micheal Pagan","Payment to Micheal Pagan",240,"2019-11-05",True,"Redmond","FL",6,null,5,2),
("Bank 504","Payment to Bank 504",832,"2020-06-23",False,"Austin","NJ",7,null,4,0),
("Bank 504","Payment to Bank 504",55,"2020-08-04",True,"San Diego","NJ",9,null,8,0),
("Bank 504","Payment to Bank 504",442,"2020-10-13",True,"Puyallup","FL",4,null,3,0),
("Suzanne Wolfe","Payment to Suzanne Wolfe",547,"2019-08-30",True,"Puyallup","TX",7,null,4,11),
("Bank 504","Payment to Bank 504",730,"2018-01-23",True,"Redmond","FL",8,null,2,0),
("Sandra Rivas","Payment to Sandra Rivas",591,"2020-07-25",True,"Austin","FL",null,null,1,1),
("Bank 504","Payment to Bank 504",670,"2018-06-03",True,"Redmond","WA",9,null,8,0),
("Rocco Mitchell","Payment to Rocco Mitchell",653,"2019-10-31",True,"Austin","SD",16,null,7,5),
("Casey Blount","Payment to Casey Blount",334,"2020-08-07",True,"Boulder","CA",8,null,2,2),
("Raymond Schoeffler","Payment to Raymond Schoeffler",854,"2018-03-18",True,"Puyallup","CA",1,null,10,1),
("Benjamin Nicholson","Payment to Benjamin Nicholson",914,"2020-10-06",True,"Austin","CA",16,null,7,4),
("Roberto Frazier","Payment to Roberto Frazier",86,"2020-02-15",True,"Redmond","FL",12,null,4,1),
("Bank 504","Payment to Bank 504",183,"2018-12-13",False,"San Diego","SD",null,null,5,0),
("Bank 504","Payment to Bank 504",25,"2019-03-12",True,"Redmond","WA",3,null,5,0),
("Gene Evans","Payment to Gene Evans",618,"2020-01-23",True,"Austin","TX",null,null,1,5),
("Selena Hagerty","Payment to Selena Hagerty",824,"2020-04-14",True,"Austin","NJ",9,null,8,1),
("Bank 504","Payment to Bank 504",359,"2019-11-04",True,"Sacramento","FL",null,null,6,0),
("Bank 504","Payment to Bank 504",995,"2020-06-20",True,"Redmond","FL",null,16,6,0),
("Bank 504","Payment to Bank 504",67,"2018-04-23",False,"Puyallup","WA",null,18,3,0),
("Bank 504","Payment to Bank 504",939,"2018-05-12",True,"Boulder","FL",null,null,5,0),
("Bank 504","Payment to Bank 504",249,"2019-01-21",True,"San Diego","SD",17,null,9,0),
("Bank 504","Payment to Bank 504",445,"2019-03-16",True,"Puyallup","NJ",null,12,9,0),
("Joan Knoll","Payment to Joan Knoll",164,"2018-04-04",True,"Boulder","WA",12,null,4,2),
("Bank 504","Payment to Bank 504",917,"2020-09-18",True,"Boulder","NJ",null,6,8,0),
("Bank 504","Payment to Bank 504",398,"2020-08-31",True,"Redmond","FL",16,null,7,0),
("Bank 504","Payment to Bank 504",925,"2019-10-25",True,"Puyallup","NJ",null,18,3,0),
("Bank 504","Payment to Bank 504",891,"2018-01-23",False,"San Diego","NJ",null,8,1,0),
("Bank 504","Payment to Bank 504",990,"2018-10-28",True,"Redmond","SD",null,6,8,0),
("Roy Turpin","Payment to Roy Turpin",118,"2019-02-25",True,"Puyallup","WA",16,null,7,2),
("Ute Givens","Payment to Ute Givens",820,"2019-07-23",True,"Boulder","FL",null,null,1,3),
("Bank 504","Payment to Bank 504",741,"2020-11-09",True,"Puyallup","SD",null,4,6,0),
("William Rehfield","Payment to William Rehfield",484,"2020-06-16",True,"Puyallup","CA",8,null,2,8),
("Bank 504","Payment to Bank 504",840,"2020-08-17",False,"San Diego","FL",null,null,1,0),
("Lynda Cole","Payment to Lynda Cole",485,"2019-02-21",True,"Redmond","NJ",null,null,6,9),
("Bank 504","Payment to Bank 504",586,"2020-02-14",True,"Boulder","SD",11,null,10,0),
("Beth Chapman","Payment to Beth Chapman",361,"2018-05-09",True,"Redmond","WA",10,null,10,10),
("Guadalupe Sanders","Payment to Guadalupe Sanders",165,"2019-09-25",True,"Puyallup","NJ",4,null,3,10),
("Bank 504","Payment to Bank 504",984,"2018-09-13",True,"San Diego","SD",6,null,5,0),
("Bank 504","Payment to Bank 504",440,"2018-06-23",True,"San Diego","WA",8,null,2,0),
("Bank 504","Payment to Bank 504",63,"2020-05-18",True,"Redmond","WA",17,null,9,0),
("Bank 504","Payment to Bank 504",638,"2019-01-16",False,"Austin","WA",17,null,9,0),
("Bank 504","Payment to Bank 504",712,"2020-01-24",True,"Austin","WA",null,9,4,0),
("Willie Corbett","Payment to Willie Corbett",219,"2018-01-01",True,"Sacramento","CA",4,null,3,8),
("Lyle Dailey","Payment to Lyle Dailey",461,"2019-03-15",True,"Austin","NJ",null,null,1,1),
("Bank 504","Payment to Bank 504",973,"2019-11-15",True,"Austin","SD",null,4,6,0),
("Bank 504","Payment to Bank 504",113,"2018-12-12",True,"Boulder","NJ",null,null,5,0),
("Bank 504","Payment to Bank 504",962,"2018-03-10",True,"Austin","TX",7,null,4,0),
("James Essex","Payment to James Essex",361,"2020-05-23",True,"Austin","FL",6,null,5,5),
("Ada Smith","Payment to Ada Smith",625,"2020-08-14",True,"Puyallup","NJ",17,null,9,1),
("Bank 504","Payment to Bank 504",564,"2019-06-09",True,"Boulder","TX",null,3,7,0),
("Patricia Jackson","Payment to Patricia Jackson",124,"2020-11-01",True,"Boulder","CA",null,null,6,6),
("Bank 504","Payment to Bank 504",709,"2018-05-22",False,"Puyallup","NJ",15,null,5,0),
("Bank 504","Payment to Bank 504",77,"2019-01-07",True,"San Diego","FL",null,14,10,0),
("Thea Hawthorne","Payment to Thea Hawthorne",591,"2018-10-27",True,"San Diego","SD",null,null,1,5),
("Elias Rodriguez","Payment to Elias Rodriguez",673,"2019-09-11",True,"Puyallup","WA",11,null,10,3),
("Bank 504","Payment to Bank 504",567,"2018-02-13",True,"Sacramento","TX",null,10,1,0),
("Corey Dean","Payment to Corey Dean",865,"2018-12-01",True,"San Diego","FL",16,null,7,3),
("Timothy Gregor","Payment to Timothy Gregor",275,"2018-10-23",True,"Redmond","WA",16,null,7,4),
("George Perry","Payment to George Perry",568,"2019-07-16",True,"San Diego","WA",9,null,8,11),
("Bank 504","Payment to Bank 504",632,"2018-06-03",False,"Austin","WA",null,20,8,0),
("Jane Russo","Payment to Jane Russo",221,"2019-09-17",True,"Puyallup","NJ",9,null,8,7),
("Cyril Herrmann","Payment to Cyril Herrmann",569,"2020-07-07",True,"Redmond","SD",17,null,9,4),
("Russell Ochs","Payment to Russell Ochs",698,"2019-01-13",True,"Puyallup","CA",14,null,10,1),
("Bank 504","Payment to Bank 504",772,"2018-03-19",True,"Austin","FL",14,null,10,0),
("Michael White","Payment to Michael White",329,"2019-03-31",True,"Austin","NJ",17,null,9,4),
("Bank 504","Payment to Bank 504",466,"2020-09-20",True,"Redmond","CA",6,null,5,0),
("Bank 504","Payment to Bank 504",539,"2020-02-09",True,"Sacramento","NJ",null,6,8,0),
("Norma Serna","Payment to Norma Serna",89,"2019-09-04",True,"Boulder","NJ",null,null,1,8),
("Bank 504","Payment to Bank 504",409,"2019-05-21",True,"Sacramento","FL",4,null,3,0),
("Bank 504","Payment to Bank 504",984,"2019-06-25",True,"San Diego","SD",null,null,5,0),
("Bank 504","Payment to Bank 504",595,"2018-01-16",True,"Sacramento","FL",16,null,7,0),
("Susan Cowan","Payment to Susan Cowan",862,"2018-08-07",True,"Sacramento","FL",null,null,6,7),
("Kristopher Roderiquez","Payment to Kristopher Roderiquez",53,"2018-06-07",True,"San Diego","CA",4,null,3,10),
("Tracy Hitt","Payment to Tracy Hitt",537,"2018-11-21",True,"San Diego","TX",null,null,6,9),
("Bank 504","Payment to Bank 504",597,"2018-01-20",False,"Boulder","TX",3,null,5,0),
("Jeremy Lane","Payment to Jeremy Lane",277,"2019-08-24",True,"Sacramento","WA",8,null,2,4),
("Ella Flippen","Payment to Ella Flippen",807,"2019-05-20",True,"Redmond","CA",null,null,1,10),
("Bank 504","Payment to Bank 504",489,"2020-11-27",True,"Boulder","TX",null,null,6,0),
("Gaye Gustin","Payment to Gaye Gustin",852,"2020-12-04",True,"Sacramento","FL",17,null,9,6),
("Stephen Erickson","Payment to Stephen Erickson",181,"2020-05-26",True,"Puyallup","TX",7,null,4,10),
("Gregory Smith","Payment to Gregory Smith",114,"2019-08-03",True,"Sacramento","TX",17,null,9,3),
("Bank 504","Payment to Bank 504",929,"2019-11-03",True,"Redmond","CA",null,null,6,0),
("Jessica Dull","Payment to Jessica Dull",342,"2020-12-24",True,"San Diego","NJ",5,null,4,10),
("Bank 504","Payment to Bank 504",910,"2019-05-31",False,"Boulder","TX",null,3,7,0),
("Bank 504","Payment to Bank 504",453,"2020-12-29",False,"Puyallup","CA",null,14,10,0),
("Bank 504","Payment to Bank 504",294,"2020-05-27",True,"Redmond","FL",null,7,1,0),
("James Curry","Payment to James Curry",295,"2018-04-22",True,"San Diego","CA",9,null,8,7),
("Bank 504","Payment to Bank 504",332,"2020-08-25",False,"Redmond","TX",5,null,4,0),
("Bank 504","Payment to Bank 504",769,"2019-05-04",True,"Austin","WA",null,19,4,0),
("Bank 504","Payment to Bank 504",63,"2020-09-17",True,"Austin","FL",null,18,3,0),
("Bank 504","Payment to Bank 504",590,"2020-05-19",True,"Sacramento","FL",null,2,2,0),
("Bank 504","Payment to Bank 504",576,"2018-04-30",False,"Sacramento","WA",3,null,5,0),
("Amy Kyle","Payment to Amy Kyle",339,"2019-11-01",True,"San Diego","SD",null,null,6,8),
("Kevin Rodriguez","Payment to Kevin Rodriguez",309,"2018-01-16",True,"Puyallup","TX",4,null,3,5),
("Bank 504","Payment to Bank 504",446,"2018-08-01",False,"San Diego","TX",null,14,10,0),
("Bank 504","Payment to Bank 504",404,"2020-02-10",True,"Sacramento","FL",16,null,7,0),
("Bank 504","Payment to Bank 504",128,"2019-11-05",True,"San Diego","NJ",9,null,8,0),
("Bank 504","Payment to Bank 504",260,"2019-12-08",True,"Sacramento","NJ",null,12,9,0),
("Howard Brown","Payment to Howard Brown",239,"2019-03-05",True,"Boulder","SD",17,null,9,4),
("Bank 504","Payment to Bank 504",31,"2020-03-16",False,"Boulder","FL",1,null,10,0),
("Bank 504","Payment to Bank 504",65,"2018-06-23",False,"Sacramento","TX",null,null,5,0),
("Michael Vant","Payment to Michael Vant",344,"2020-08-20",True,"Austin","WA",14,null,10,9),
("Soledad Simons","Payment to Soledad Simons",664,"2019-01-04",True,"Redmond","CA",1,null,10,1),
("Ray Bowling","Payment to Ray Bowling",169,"2018-10-26",True,"Boulder","TX",17,null,9,1),
("Bank 504","Payment to Bank 504",372,"2020-03-31",True,"Sacramento","FL",null,19,4,0),
("Bank 504","Payment to Bank 504",357,"2018-02-12",True,"Sacramento","SD",null,null,6,0),
("Bank 504","Payment to Bank 504",516,"2020-07-22",True,"Austin","FL",8,null,2,0),
("Ruth Clarke","Payment to Ruth Clarke",358,"2020-10-09",True,"San Diego","FL",12,null,4,8),
("Harriet Thomas","Payment to Harriet Thomas",631,"2020-09-05",True,"San Diego","FL",16,null,7,4),
("Gregory Fletcher","Payment to Gregory Fletcher",309,"2018-10-18",True,"Austin","WA",9,null,8,3),
("Bank 504","Payment to Bank 504",373,"2020-11-14",True,"Austin","SD",null,16,6,0),
("Alvin Lumpkin","Payment to Alvin Lumpkin",219,"2018-09-06",True,"Puyallup","WA",14,null,10,2),
("Bank 504","Payment to Bank 504",241,"2019-08-04",True,"San Diego","FL",null,null,5,0),
("Jeanine Armstrong","Payment to Jeanine Armstrong",656,"2019-03-21",True,"Puyallup","SD",13,null,4,11),
("Francis Cobar","Payment to Francis Cobar",623,"2018-07-21",True,"Sacramento","FL",9,null,8,7),
("Marian Sullivan","Payment to Marian Sullivan",73,"2020-09-04",True,"Boulder","TX",6,null,5,7),
("Barbara Diaz","Payment to Barbara Diaz",29,"2020-04-04",True,"Austin","SD",8,null,2,4),
("Bank 504","Payment to Bank 504",283,"2019-04-02",True,"Sacramento","SD",null,18,3,0),
("Romaine Troy","Payment to Romaine Troy",472,"2018-06-18",True,"Puyallup","SD",16,null,7,10),
("Bank 504","Payment to Bank 504",294,"2018-11-22",True,"Puyallup","NJ",null,3,7,0),
("Willie Diaz","Payment to Willie Diaz",16,"2019-03-08",True,"Redmond","WA",null,null,6,4),
("Bank 504","Payment to Bank 504",34,"2018-02-18",False,"Boulder","SD",null,2,2,0),
("Bank 504","Payment to Bank 504",857,"2018-09-03",True,"Redmond","CA",null,2,2,0),
("Leslie Weintraub","Payment to Leslie Weintraub",222,"2018-07-15",True,"Sacramento","TX",6,null,5,1),
("Joy Burdell","Payment to Joy Burdell",122,"2018-02-15",True,"Boulder","TX",16,null,7,3),
("Bank 504","Payment to Bank 504",438,"2019-04-19",True,"San Diego","NJ",9,null,8,0),
("Yolanda Gatewood","Payment to Yolanda Gatewood",38,"2018-12-31",True,"San Diego","WA",null,null,6,6),
("Onita Petrie","Payment to Onita Petrie",522,"2020-07-17",True,"Austin","TX",9,null,8,1),
("Lisa Cunningham","Payment to Lisa Cunningham",986,"2019-03-26",True,"Redmond","NJ",17,null,9,10),
("Bank 504","Payment to Bank 504",74,"2020-02-28",False,"Sacramento","NJ",null,20,8,0),
("Jerry Cheung","Payment to Jerry Cheung",615,"2018-08-14",True,"Sacramento","WA",null,null,6,7),
("Bank 504","Payment to Bank 504",105,"2019-11-30",True,"Austin","WA",null,16,6,0),
("Bank 504","Payment to Bank 504",191,"2020-09-11",True,"Boulder","WA",4,null,3,0),
("Bank 504","Payment to Bank 504",27,"2019-11-30",True,"Austin","WA",null,12,9,0),
("Bank 504","Payment to Bank 504",16,"2020-04-16",True,"Austin","NJ",1,null,10,0),
("Sherry Perez","Payment to Sherry Perez",458,"2018-06-24",True,"Boulder","FL",13,null,4,11),
("James Henry","Payment to James Henry",307,"2019-05-28",True,"Austin","SD",8,null,2,2),
("Bank 504","Payment to Bank 504",86,"2018-10-17",False,"Boulder","NJ",null,2,2,0),
("Oscar Roberts","Payment to Oscar Roberts",811,"2019-10-12",True,"Redmond","WA",4,null,3,7),
("Lisa Moore","Payment to Lisa Moore",98,"2019-04-25",True,"Sacramento","NJ",15,null,5,1),
("Frank Gibbs","Payment to Frank Gibbs",139,"2019-09-30",True,"Redmond","NJ",null,null,6,4),
("Bank 504","Payment to Bank 504",918,"2018-07-20",True,"Redmond","TX",17,null,9,0),
("Bank 504","Payment to Bank 504",171,"2018-08-16",False,"Sacramento","NJ",null,null,6,0),
("Bank 504","Payment to Bank 504",165,"2018-03-06",False,"Puyallup","CA",null,2,2,0),
("Bank 504","Payment to Bank 504",578,"2020-07-22",False,"Boulder","CA",null,1,8,0),
("Bank 504","Payment to Bank 504",937,"2018-06-10",False,"Sacramento","FL",null,7,1,0),
("Bank 504","Payment to Bank 504",351,"2018-10-23",True,"San Diego","TX",null,14,10,0),
("Bank 504","Payment to Bank 504",139,"2018-06-03",True,"Austin","CA",null,1,8,0),
("Bank 504","Payment to Bank 504",379,"2020-09-16",True,"Boulder","SD",null,9,4,0),
("Lisa Lopez","Payment to Lisa Lopez",668,"2020-10-16",True,"Boulder","NJ",null,null,6,11),
("Tracy Anderson","Payment to Tracy Anderson",461,"2018-08-13",True,"Boulder","CA",9,null,8,5),
("Bank 504","Payment to Bank 504",582,"2019-04-29",False,"Sacramento","SD",null,8,1,0),
("Sidney Anderson","Payment to Sidney Anderson",875,"2019-04-21",True,"Boulder","WA",null,null,1,11),
("Bank 504","Payment to Bank 504",335,"2018-06-09",True,"Puyallup","TX",null,14,10,0),
("Bank 504","Payment to Bank 504",139,"2018-02-16",True,"Sacramento","CA",null,null,5,0),
("Richard Martin","Payment to Richard Martin",576,"2020-01-31",True,"Puyallup","SD",17,null,9,1),
("Joseph Adams","Payment to Joseph Adams",67,"2019-05-15",True,"San Diego","FL",4,null,3,8),
("Bonnie Jackson","Payment to Bonnie Jackson",933,"2019-01-13",True,"Redmond","FL",9,null,8,8),
("Bryan Mckee","Payment to Bryan Mckee",148,"2019-05-02",True,"Austin","FL",null,null,6,9),
("Ruth Degasperis","Payment to Ruth Degasperis",250,"2019-03-13",True,"Austin","TX",16,null,7,1),
("Barbara Transue","Payment to Barbara Transue",269,"2020-07-14",True,"Redmond","CA",null,null,6,1),
("Bank 504","Payment to Bank 504",639,"2019-09-29",True,"Sacramento","TX",null,5,8,0),
("Bank 504","Payment to Bank 504",113,"2019-07-14",True,"Redmond","WA",17,null,9,0),
("Patrick Jacobson","Payment to Patrick Jacobson",864,"2019-10-09",True,"Puyallup","NJ",3,null,5,7),
("Lillian Ramirez","Payment to Lillian Ramirez",454,"2018-02-02",True,"Puyallup","TX",11,null,10,4),
("Francis Bromley","Payment to Francis Bromley",64,"2019-03-19",True,"Boulder","NJ",11,null,10,1),
("Bank 504","Payment to Bank 504",846,"2018-01-08",True,"San Diego","WA",null,3,7,0),
("Bank 504","Payment to Bank 504",349,"2020-08-21",True,"Austin","WA",17,null,9,0),
("Joshua Murphy","Payment to Joshua Murphy",170,"2019-02-22",True,"Boulder","NJ",9,null,8,3),
("Bank 504","Payment to Bank 504",43,"2019-10-31",True,"Redmond","CA",null,14,10,0),
("Bank 504","Payment to Bank 504",426,"2019-01-02",True,"San Diego","TX",9,null,8,0),
("Bank 504","Payment to Bank 504",788,"2019-09-09",True,"Austin","TX",null,3,7,0),
("Brandy Owens","Payment to Brandy Owens",833,"2019-05-24",True,"Puyallup","CA",null,null,6,1),
("Bank 504","Payment to Bank 504",647,"2019-02-27",True,"San Diego","SD",9,null,8,0),
("Drew Lomeli","Payment to Drew Lomeli",383,"2019-08-03",True,"San Diego","TX",8,null,2,2),
("Francisco Darwish","Payment to Francisco Darwish",177,"2020-07-18",True,"Sacramento","SD",9,null,8,11),
("Cassie Cook","Payment to Cassie Cook",198,"2018-07-15",True,"Austin","NJ",1,null,10,6),
("Bank 504","Payment to Bank 504",246,"2020-10-31",True,"Sacramento","CA",null,15,7,0),
("Bank 504","Payment to Bank 504",67,"2018-03-19",True,"Puyallup","NJ",16,null,7,0),
("Kathlyn Jones","Payment to Kathlyn Jones",558,"2018-01-20",True,"Austin","WA",16,null,7,8),
("Michael Brower","Payment to Michael Brower",230,"2018-11-22",True,"Sacramento","NJ",null,null,1,3),
("Bank 504","Payment to Bank 504",251,"2020-09-24",True,"Redmond","SD",null,16,6,0),
("Bank 504","Payment to Bank 504",185,"2019-12-17",False,"Sacramento","NJ",null,null,5,0),
("Catherine Brick","Payment to Catherine Brick",103,"2018-11-10",True,"Puyallup","WA",null,null,1,2),
("Elizabeth Hobson","Payment to Elizabeth Hobson",508,"2020-12-03",True,"Boulder","NJ",null,null,6,11),
("Bank 504","Payment to Bank 504",869,"2019-02-26",False,"Puyallup","CA",null,null,6,0),
("Bank 504","Payment to Bank 504",457,"2019-10-06",True,"Austin","WA",null,18,3,0),
("Bank 504","Payment to Bank 504",89,"2018-04-20",True,"Sacramento","NJ",3,null,5,0),
("Bank 504","Payment to Bank 504",156,"2018-08-14",True,"Sacramento","NJ",null,20,8,0),
("Rachel Ku","Payment to Rachel Ku",911,"2019-11-03",True,"Redmond","SD",17,null,9,8),
("Clayton Scott","Payment to Clayton Scott",120,"2019-10-03",True,"Redmond","NJ",4,null,3,1),
("Betsy Hernandez","Payment to Betsy Hernandez",755,"2018-06-14",True,"Boulder","CA",9,null,8,2),
("Bank 504","Payment to Bank 504",930,"2018-09-29",True,"Boulder","TX",null,null,5,0),
("Jose Cherry","Payment to Jose Cherry",301,"2019-05-10",True,"Redmond","WA",12,null,4,7),
("Bank 504","Payment to Bank 504",474,"2020-02-13",False,"Redmond","WA",null,20,8,0),
("Martha Church","Payment to Martha Church",290,"2018-12-22",True,"Redmond","NJ",9,null,8,10),
("Jason Bastidas","Payment to Jason Bastidas",825,"2020-09-16",True,"Boulder","WA",16,null,7,2),
("Gwendolyn Clark","Payment to Gwendolyn Clark",787,"2020-10-29",True,"Austin","WA",17,null,9,3),
("Bank 504","Payment to Bank 504",476,"2020-02-14",False,"Sacramento","TX",null,2,2,0),
("Bank 504","Payment to Bank 504",803,"2018-05-14",True,"Austin","SD",null,19,4,0),
("Bank 504","Payment to Bank 504",968,"2019-01-02",True,"San Diego","WA",17,null,9,0),
("Bank 504","Payment to Bank 504",392,"2020-12-17",True,"Puyallup","TX",null,16,6,0),
("Justin Moore","Payment to Justin Moore",507,"2020-01-02",True,"Austin","TX",null,null,6,6),
("Bank 504","Payment to Bank 504",938,"2018-05-23",True,"San Diego","CA",8,null,2,0),
("Lee Mclaughlin","Payment to Lee Mclaughlin",142,"2018-05-19",True,"Austin","FL",17,null,9,1),
("Bank 504","Payment to Bank 504",897,"2018-02-25",True,"Sacramento","FL",17,null,9,0),
("Bank 504","Payment to Bank 504",206,"2018-07-17",False,"San Diego","TX",null,6,8,0),
("Jewel Hayes","Payment to Jewel Hayes",825,"2018-08-21",True,"Puyallup","CA",3,null,5,2),
("Jane Henderson","Payment to Jane Henderson",480,"2020-12-08",True,"Redmond","FL",16,null,7,6),
("Bank 504","Payment to Bank 504",837,"2018-05-01",False,"Redmond","NJ",null,10,1,0),
("Rosalie Spiller","Payment to Rosalie Spiller",637,"2018-08-01",True,"Boulder","WA",null,null,1,8);

